snapshot_date,commissioning_month,size_segment,plant_count,unit_count,power_gw,energy_gwh,median_duration_hours,network_verified_plant_count,period_complete
2026-06-30,1990-01-01,overall,2,2,0.000014,0.00001794,1.4745,1,true
2026-06-30,1990-01-01,small,2,2,0.000014,0.00001794,1.4745,1,true
2026-06-30,1990-05-01,overall,1,1,0.00000576,0.0000102,1.770833333,0,true
2026-06-30,1990-05-01,small,1,1,0.00000576,0.0000102,1.770833333,0,true
2026-06-30,1990-08-01,overall,1,1,0.00001,0.00001,1,0,true
2026-06-30,1990-08-01,small,1,1,0.00001,0.00001,1,0,true
2026-06-30,1990-10-01,overall,1,1,0.0000025,0.000005,2,1,true
2026-06-30,1990-10-01,small,1,1,0.0000025,0.000005,2,1,true
2026-06-30,1991-02-01,overall,1,1,0.00000448,0.0000088,1.964285714,0,true
2026-06-30,1991-02-01,small,1,1,0.00000448,0.0000088,1.964285714,0,true
2026-06-30,1991-06-01,overall,1,1,0.0000069,0.00000768,1.113043478,1,true
2026-06-30,1991-06-01,small,1,1,0.0000069,0.00000768,1.113043478,1,true
2026-06-30,1991-07-01,overall,3,3,0.0000266,0.0000303,1.036,0,true
2026-06-30,1991-07-01,small,3,3,0.0000266,0.0000303,1.036,0,true
2026-06-30,1991-10-01,overall,2,2,0.000015,0.0000133,0.94,0,true
2026-06-30,1991-10-01,small,2,2,0.000015,0.0000133,0.94,0,true
2026-06-30,1991-11-01,overall,2,2,0.000018,0.00002144,1.2095,0,true
2026-06-30,1991-11-01,small,2,2,0.000018,0.00002144,1.2095,0,true
2026-06-30,1992-01-01,overall,1,1,0.0000046,0.000009,1.956521739,0,true
2026-06-30,1992-01-01,small,1,1,0.0000046,0.000009,1.956521739,0,true
2026-06-30,1992-02-01,overall,1,1,0.000001,0.00000768,7.68,0,true
2026-06-30,1992-02-01,small,1,1,0.000001,0.00000768,7.68,0,true
2026-06-30,1992-03-01,overall,1,1,0.00000452,0.00001344,2.973451327,0,true
2026-06-30,1992-03-01,small,1,1,0.00000452,0.00001344,2.973451327,0,true
2026-06-30,1992-04-01,overall,2,2,0.00001338,0.0000205,1.626491647,1,true
2026-06-30,1992-04-01,small,2,2,0.00001338,0.0000205,1.626491647,1,true
2026-06-30,1992-07-01,overall,1,1,0.00000512,0.00000512,1,0,true
2026-06-30,1992-07-01,small,1,1,0.00000512,0.00000512,1,0,true
2026-06-30,1992-12-01,overall,1,1,0.0000023,0.0000059,2.565217391,0,true
2026-06-30,1992-12-01,small,1,1,0.0000023,0.0000059,2.565217391,0,true
2026-06-30,1993-03-01,overall,1,1,0.0000105,0.0000105,1,0,true
2026-06-30,1993-03-01,small,1,1,0.0000105,0.0000105,1,0,true
2026-06-30,1993-04-01,overall,2,2,0.00001025,0.000024,2.473529412,0,true
2026-06-30,1993-04-01,small,2,2,0.00001025,0.000024,2.473529412,0,true
2026-06-30,1993-08-01,overall,1,1,0.000004,0.0000096,2.4,1,true
2026-06-30,1993-08-01,small,1,1,0.000004,0.0000096,2.4,1,true
2026-06-30,1993-09-01,overall,1,1,0.000005,0.0000104,2.08,0,true
2026-06-30,1993-09-01,small,1,1,0.000005,0.0000104,2.08,0,true
2026-06-30,1993-10-01,overall,1,1,0.0000042,0.00000512,1.219047619,0,true
2026-06-30,1993-10-01,small,1,1,0.0000042,0.00000512,1.219047619,0,true
2026-06-30,1993-11-01,overall,1,1,0.000006,0.00001,1.666666667,0,true
2026-06-30,1993-11-01,small,1,1,0.000006,0.00001,1.666666667,0,true
2026-06-30,1993-12-01,overall,1,1,0.00001,0.0000093,0.93,0,true
2026-06-30,1993-12-01,small,1,1,0.00001,0.0000093,0.93,0,true
2026-06-30,1994-02-01,overall,1,1,0.0000023,0.0000059,2.565217391,1,true
2026-06-30,1994-02-01,small,1,1,0.0000023,0.0000059,2.565217391,1,true
2026-06-30,1994-03-01,overall,1,1,0.0000098,0.0000098,1,0,true
2026-06-30,1994-03-01,small,1,1,0.0000098,0.0000098,1,0,true
2026-06-30,1995-03-01,overall,1,1,0.000009,0.000009,1,0,true
2026-06-30,1995-03-01,small,1,1,0.000009,0.000009,1,0,true
2026-06-30,1995-04-01,overall,1,1,0.000009,0.000009,1,0,true
2026-06-30,1995-04-01,small,1,1,0.000009,0.000009,1,0,true
2026-06-30,1995-06-01,overall,1,1,0.000005,0.000012,2.4,0,true
2026-06-30,1995-06-01,small,1,1,0.000005,0.000012,2.4,0,true
2026-06-30,1995-07-01,overall,1,1,0.000009,0.000009,1,1,true
2026-06-30,1995-07-01,small,1,1,0.000009,0.000009,1,1,true
2026-06-30,1995-08-01,overall,1,1,0.00000768,0.0000128,1.666666667,0,true
2026-06-30,1995-08-01,small,1,1,0.00000768,0.0000128,1.666666667,0,true
2026-06-30,1995-11-01,overall,1,1,0.000002,0.000002,1,0,true
2026-06-30,1995-11-01,small,1,1,0.000002,0.000002,1,0,true
2026-06-30,1996-01-01,overall,1,1,0.000008,0.0000128,1.6,0,true
2026-06-30,1996-01-01,small,1,1,0.000008,0.0000128,1.6,0,true
2026-06-30,1996-02-01,overall,1,1,0.000004,0.000014336,3.584,0,true
2026-06-30,1996-02-01,small,1,1,0.000004,0.000014336,3.584,0,true
2026-06-30,1996-03-01,overall,1,1,0.0000008,0.0000026,3.25,0,true
2026-06-30,1996-03-01,small,1,1,0.0000008,0.0000026,3.25,0,true
2026-06-30,1996-05-01,overall,2,2,0.00001157,0.0000196,1.730593607,0,true
2026-06-30,1996-05-01,small,2,2,0.00001157,0.0000196,1.730593607,0,true
2026-06-30,1996-10-01,overall,1,1,0.00000676,0.000007,1.035502959,0,true
2026-06-30,1996-10-01,small,1,1,0.00000676,0.000007,1.035502959,0,true
2026-06-30,1997-05-01,overall,1,1,0.000005,0.000005,1,0,true
2026-06-30,1997-05-01,small,1,1,0.000005,0.000005,1,0,true
2026-06-30,1998-10-01,overall,1,1,0.0000046,0.0000132,2.869565217,1,true
2026-06-30,1998-10-01,small,1,1,0.0000046,0.0000132,2.869565217,1,true
2026-06-30,1999-01-01,overall,2,2,0.000011,0.0000208,5.54,2,true
2026-06-30,1999-01-01,small,2,2,0.000011,0.0000208,5.54,2,true
2026-06-30,1999-04-01,overall,1,1,0.000002,0.000005,2.5,0,true
2026-06-30,1999-04-01,small,1,1,0.000002,0.000005,2.5,0,true
2026-06-30,1999-10-01,overall,1,1,0.000004,0.000004,1,1,true
2026-06-30,1999-10-01,small,1,1,0.000004,0.000004,1,1,true
2026-06-30,2000-01-01,overall,4,4,0.00002264,0.00002753,0.999462943,3,true
2026-06-30,2000-01-01,small,4,4,0.00002264,0.00002753,0.999462943,3,true
2026-06-30,2000-04-01,overall,1,1,0.0000015,0.0000015,1,0,true
2026-06-30,2000-04-01,small,1,1,0.0000015,0.0000015,1,0,true
2026-06-30,2000-05-01,overall,1,1,0.0000015,0.0000015,1,1,true
2026-06-30,2000-05-01,small,1,1,0.0000015,0.0000015,1,1,true
2026-06-30,2000-06-01,overall,1,1,0.000008,0.0000093,1.1625,0,true
2026-06-30,2000-06-01,small,1,1,0.000008,0.0000093,1.1625,0,true
2026-06-30,2000-07-01,overall,3,3,0.000004175,0.00001227,2.4,2,true
2026-06-30,2000-07-01,small,3,3,0.000004175,0.00001227,2.4,2,true
2026-06-30,2000-10-01,overall,1,1,0.0000072,0.00000512,0.711111111,1,true
2026-06-30,2000-10-01,small,1,1,0.0000072,0.00000512,0.711111111,1,true
2026-06-30,2000-11-01,overall,1,1,0.0000032,0.0000049,1.53125,1,true
2026-06-30,2000-11-01,small,1,1,0.0000032,0.0000049,1.53125,1,true
2026-06-30,2001-02-01,overall,1,1,0.000004,0.0000098,2.45,0,true
2026-06-30,2001-02-01,small,1,1,0.000004,0.0000098,2.45,0,true
2026-06-30,2001-03-01,overall,1,1,0.00000563,0.0000138,2.451154529,1,true
2026-06-30,2001-03-01,small,1,1,0.00000563,0.0000138,2.451154529,1,true
2026-06-30,2001-05-01,overall,1,1,0.000006012,0.0000088,1.463739188,0,true
2026-06-30,2001-05-01,small,1,1,0.000006012,0.0000088,1.463739188,0,true
2026-06-30,2001-06-01,overall,1,1,0.00000144,0.00000144,1,1,true
2026-06-30,2001-06-01,small,1,1,0.00000144,0.00000144,1,1,true
2026-06-30,2001-07-01,overall,3,3,0.00000828,0.00002312,1.92481203,2,true
2026-06-30,2001-07-01,small,3,3,0.00000828,0.00002312,1.92481203,2,true
2026-06-30,2001-08-01,overall,1,1,0.000005,0.0000115,2.3,1,true
2026-06-30,2001-08-01,small,1,1,0.000005,0.0000115,2.3,1,true
2026-06-30,2001-10-01,overall,1,1,0.0000008,0.0000016,2,0,true
2026-06-30,2001-10-01,small,1,1,0.0000008,0.0000016,2,0,true
2026-06-30,2001-11-01,overall,1,1,0.000004,0.00001,2.5,0,true
2026-06-30,2001-11-01,small,1,1,0.000004,0.00001,2.5,0,true
2026-06-30,2001-12-01,overall,2,2,0.0000038,0.00002659,7.119444444,2,true
2026-06-30,2001-12-01,small,2,2,0.0000038,0.00002659,7.119444444,2,true
2026-06-30,2002-01-01,overall,1,1,0.00000168,0.00000168,1,1,true
2026-06-30,2002-01-01,small,1,1,0.00000168,0.00000168,1,1,true
2026-06-30,2002-02-01,medium,1,1,0.00006,0.000144,2.4,1,true
2026-06-30,2002-02-01,overall,1,1,0.00006,0.000144,2.4,1,true
2026-06-30,2002-06-01,overall,2,2,0.00000713,0.00000713,1,2,true
2026-06-30,2002-06-01,small,2,2,0.00000713,0.00000713,1,2,true
2026-06-30,2002-07-01,overall,1,1,0.000007,0.000014,2,0,true
2026-06-30,2002-07-01,small,1,1,0.000007,0.000014,2,0,true
2026-06-30,2002-08-01,overall,1,1,0.000003,0.0000065,2.166666667,1,true
2026-06-30,2002-08-01,small,1,1,0.000003,0.0000065,2.166666667,1,true
2026-06-30,2002-09-01,overall,1,1,0.00001638,0.0000158,0.964590965,0,true
2026-06-30,2002-09-01,small,1,1,0.00001638,0.0000158,0.964590965,0,true
2026-06-30,2002-10-01,overall,2,2,0.00001479,0.00001854,1.5,1,true
2026-06-30,2002-10-01,small,2,2,0.00001479,0.00001854,1.5,1,true
2026-06-30,2002-11-01,overall,1,1,0.0000077,0.0000077,1,0,true
2026-06-30,2002-11-01,small,1,1,0.0000077,0.0000077,1,0,true
2026-06-30,2002-12-01,overall,3,3,0.00003,0.0000406,1.38,1,true
2026-06-30,2002-12-01,small,3,3,0.00003,0.0000406,1.38,1,true
2026-06-30,2003-01-01,overall,3,3,0.0000118,0.0000341,3.08,1,true
2026-06-30,2003-01-01,small,3,3,0.0000118,0.0000341,3.08,1,true
2026-06-30,2003-06-01,overall,1,1,0.0000042,0.0000042,1,0,true
2026-06-30,2003-06-01,small,1,1,0.0000042,0.0000042,1,0,true
2026-06-30,2003-07-01,overall,1,1,0.000007,0.00001166,1.665714286,1,true
2026-06-30,2003-07-01,small,1,1,0.000007,0.00001166,1.665714286,1,true
2026-06-30,2003-08-01,overall,2,2,0.0000105,0.0000225,2.4375,2,true
2026-06-30,2003-08-01,small,2,2,0.0000105,0.0000225,2.4375,2,true
2026-06-30,2003-09-01,overall,1,1,0.00001,0.00001026,1.026,0,true
2026-06-30,2003-09-01,small,1,1,0.00001,0.00001026,1.026,0,true
2026-06-30,2003-10-01,overall,2,2,0.00000626,0.00002112,3.162162162,1,true
2026-06-30,2003-10-01,small,2,2,0.00000626,0.00002112,3.162162162,1,true
2026-06-30,2003-11-01,overall,1,1,0.00001024,0.00001024,1,1,true
2026-06-30,2003-11-01,small,1,1,0.00001024,0.00001024,1,1,true
2026-06-30,2003-12-01,overall,1,1,0.00001,0.00001,1,0,true
2026-06-30,2003-12-01,small,1,1,0.00001,0.00001,1,0,true
2026-06-30,2004-02-01,overall,2,2,0.000012125,0.00001512,1.213797909,2,true
2026-06-30,2004-02-01,small,2,2,0.000012125,0.00001512,1.213797909,2,true
2026-06-30,2004-03-01,overall,3,3,0.0000151,0.0000221,1.304347826,3,true
2026-06-30,2004-03-01,small,3,3,0.0000151,0.0000221,1.304347826,3,true
2026-06-30,2004-04-01,overall,5,5,0.0000354,0.00004365,1.25,0,true
2026-06-30,2004-04-01,small,5,5,0.0000354,0.00004365,1.25,0,true
2026-06-30,2004-05-01,overall,3,3,0.0000175,0.000027,1.6,2,true
2026-06-30,2004-05-01,small,3,3,0.0000175,0.000027,1.6,2,true
2026-06-30,2004-06-01,overall,2,2,0.00001476,0.00001768,1.193047337,2,true
2026-06-30,2004-06-01,small,2,2,0.00001476,0.00001768,1.193047337,2,true
2026-06-30,2004-07-01,medium,1,1,0.00003,0.00003,1,0,true
2026-06-30,2004-07-01,overall,5,5,0.000050795,0.00005397,1.003921569,1,true
2026-06-30,2004-07-01,small,4,4,0.000020795,0.00002397,1.05751634,1,true
2026-06-30,2004-08-01,overall,2,2,0.0000075,0.000028,3.678571429,1,true
2026-06-30,2004-08-01,small,2,2,0.0000075,0.000028,3.678571429,1,true
2026-06-30,2004-09-01,overall,2,2,0.0000253,0.0000253,1,0,true
2026-06-30,2004-09-01,small,2,2,0.0000253,0.0000253,1,0,true
2026-06-30,2004-10-01,overall,4,4,0.0000255,0.00005055,2.06547619,3,true
2026-06-30,2004-10-01,small,4,4,0.0000255,0.00005055,2.06547619,3,true
2026-06-30,2004-11-01,overall,1,1,0.000003,0.000013,4.333333333,0,true
2026-06-30,2004-11-01,small,1,1,0.000003,0.000013,4.333333333,0,true
2026-06-30,2004-12-01,overall,4,4,0.00001776,0.00002588,1.11686747,2,true
2026-06-30,2004-12-01,small,4,4,0.00001776,0.00002588,1.11686747,2,true
2026-06-30,2005-01-01,overall,1,1,0.000005,0.000005,1,0,true
2026-06-30,2005-01-01,small,1,1,0.000005,0.000005,1,0,true
2026-06-30,2005-02-01,overall,1,1,0.0000005,0.0000058,11.6,1,true
2026-06-30,2005-02-01,small,1,1,0.0000005,0.0000058,11.6,1,true
2026-06-30,2005-03-01,overall,4,4,0.0000283,0.00003432,1.068047337,0,true
2026-06-30,2005-03-01,small,4,4,0.0000283,0.00003432,1.068047337,0,true
2026-06-30,2005-04-01,overall,3,3,0.0000135,0.00001405,1.003921569,0,true
2026-06-30,2005-04-01,small,3,3,0.0000135,0.00001405,1.003921569,0,true
2026-06-30,2005-05-01,overall,3,3,0.0000187,0.0000263,1.523809524,1,true
2026-06-30,2005-05-01,small,3,3,0.0000187,0.0000263,1.523809524,1,true
2026-06-30,2005-06-01,overall,3,3,0.00001708,0.00002765,1.3,3,true
2026-06-30,2005-06-01,small,3,3,0.00001708,0.00002765,1.3,3,true
2026-06-30,2005-07-01,overall,4,4,0.00002596,0.0000418,1.829166667,2,true
2026-06-30,2005-07-01,small,4,4,0.00002596,0.0000418,1.829166667,2,true
2026-06-30,2005-08-01,overall,5,5,0.00002785,0.000033917,1,2,true
2026-06-30,2005-08-01,small,5,5,0.00002785,0.000033917,1,2,true
2026-06-30,2005-09-01,overall,2,2,0.0000081,0.000017,2.086956522,0,true
2026-06-30,2005-09-01,small,2,2,0.0000081,0.000017,2.086956522,0,true
2026-06-30,2005-10-01,overall,5,5,0.000033082,0.00004714,1.46969697,2,true
2026-06-30,2005-10-01,small,5,5,0.000033082,0.00004714,1.46969697,2,true
2026-06-30,2005-11-01,overall,5,5,0.00001979,0.00003078,1.181818182,2,true
2026-06-30,2005-11-01,small,5,5,0.00001979,0.00003078,1.181818182,2,true
2026-06-30,2005-12-01,overall,6,6,0.00004076,0.00006271,1.458333333,5,true
2026-06-30,2005-12-01,small,6,6,0.00004076,0.00006271,1.458333333,5,true
2026-06-30,2006-01-01,overall,1,1,0.0000025,0.000005,2,0,true
2026-06-30,2006-01-01,small,1,1,0.0000025,0.000005,2,0,true
2026-06-30,2006-02-01,overall,1,1,0.0000092,0.000014,1.52173913,0,true
2026-06-30,2006-02-01,small,1,1,0.0000092,0.000014,1.52173913,0,true
2026-06-30,2006-04-01,overall,1,1,0.000002592,0.000006,2.314814815,0,true
2026-06-30,2006-04-01,small,1,1,0.000002592,0.000006,2.314814815,0,true
2026-06-30,2006-05-01,medium,1,1,0.00003,0.000032,1.066666667,0,true
2026-06-30,2006-05-01,overall,6,6,0.00006014,0.00007648,1.184375,2,true
2026-06-30,2006-05-01,small,5,5,0.00003014,0.00004448,1.302083333,2,true
2026-06-30,2006-06-01,overall,6,6,0.00003427,0.00004203,1.055555556,4,true
2026-06-30,2006-06-01,small,6,6,0.00003427,0.00004203,1.055555556,4,true
2026-06-30,2006-08-01,overall,2,2,0.0000094,0.0000161,2.522727273,2,true
2026-06-30,2006-08-01,small,2,2,0.0000094,0.0000161,2.522727273,2,true
2026-06-30,2006-09-01,overall,2,2,0.0000275,0.00002805,1.119565217,2,true
2026-06-30,2006-09-01,small,2,2,0.0000275,0.00002805,1.119565217,2,true
2026-06-30,2006-10-01,overall,1,1,0.0000062,0.0000074,1.193548387,0,true
2026-06-30,2006-10-01,small,1,1,0.0000062,0.0000074,1.193548387,0,true
2026-06-30,2006-11-01,overall,2,2,0.00001341,0.00001336,0.995726496,2,true
2026-06-30,2006-11-01,small,2,2,0.00001341,0.00001336,0.995726496,2,true
2026-06-30,2006-12-01,overall,2,2,0.00001257,0.00001727,1.712121212,2,true
2026-06-30,2006-12-01,small,2,2,0.00001257,0.00001727,1.712121212,2,true
2026-06-30,2007-03-01,overall,1,1,0.00000306,0.0000036,1.176470588,0,true
2026-06-30,2007-03-01,small,1,1,0.00000306,0.0000036,1.176470588,0,true
2026-06-30,2007-04-01,overall,2,2,0.000010695,0.000014721,1.36969697,2,true
2026-06-30,2007-04-01,small,2,2,0.000010695,0.000014721,1.36969697,2,true
2026-06-30,2007-06-01,overall,4,4,0.00002735,0.00002285,1,1,true
2026-06-30,2007-06-01,small,4,4,0.00002735,0.00002285,1,1,true
2026-06-30,2007-07-01,medium,1,1,0.0000042,0.000042,10,1,true
2026-06-30,2007-07-01,overall,6,6,0.00005782,0.0000933,1.000610501,3,true
2026-06-30,2007-07-01,small,5,5,0.00005362,0.0000513,1,2,true
2026-06-30,2007-08-01,overall,2,2,0.00000937,0.0000098,1.055555556,1,true
2026-06-30,2007-08-01,small,2,2,0.00000937,0.0000098,1.055555556,1,true
2026-06-30,2007-09-01,overall,3,3,0.00001965,0.00002285,1.086956522,3,true
2026-06-30,2007-09-01,small,3,3,0.00001965,0.00002285,1.086956522,3,true
2026-06-30,2007-10-01,overall,3,3,0.000015089,0.00001545,1,1,true
2026-06-30,2007-10-01,small,3,3,0.000015089,0.00001545,1,1,true
2026-06-30,2007-11-01,overall,3,3,0.00002608,0.00003122,1.014198783,3,true
2026-06-30,2007-11-01,small,3,3,0.00002608,0.00003122,1.014198783,3,true
2026-06-30,2007-12-01,overall,5,5,0.00007346,0.00007449,1,1,true
2026-06-30,2007-12-01,small,5,5,0.00007346,0.00007449,1,1,true
2026-06-30,2008-01-01,overall,4,4,0.0000241,0.00001688,0.94047619,4,true
2026-06-30,2008-01-01,small,4,4,0.0000241,0.00001688,0.94047619,4,true
2026-06-30,2008-03-01,medium,1,1,0.000725,0.000725,1,1,true
2026-06-30,2008-03-01,overall,4,4,0.00074753,0.00075174,1,3,true
2026-06-30,2008-03-01,small,3,3,0.00002253,0.00002674,1,2,true
2026-06-30,2008-04-01,overall,4,4,0.00002396,0.0000269,1,4,true
2026-06-30,2008-04-01,small,4,4,0.00002396,0.0000269,1,4,true
2026-06-30,2008-05-01,overall,2,2,0.00001458,0.00001548,1.045454545,1,true
2026-06-30,2008-05-01,small,2,2,0.00001458,0.00001548,1.045454545,1,true
2026-06-30,2008-06-01,overall,2,2,0.0000093,0.000011019,1.174248768,0,true
2026-06-30,2008-06-01,small,2,2,0.0000093,0.000011019,1.174248768,0,true
2026-06-30,2008-08-01,overall,4,4,0.00002105,0.00002413,1.005050505,1,true
2026-06-30,2008-08-01,small,4,4,0.00002105,0.00002413,1.005050505,1,true
2026-06-30,2008-09-01,overall,4,4,0.00002096,0.00002264,1.094444444,1,true
2026-06-30,2008-09-01,small,4,4,0.00002096,0.00002264,1.094444444,1,true
2026-06-30,2008-10-01,overall,5,5,0.00005283,0.00005458,1,1,true
2026-06-30,2008-10-01,small,5,5,0.00005283,0.00005458,1,1,true
2026-06-30,2008-11-01,overall,5,5,0.00003246,0.00004336,1,1,true
2026-06-30,2008-11-01,small,5,5,0.00003246,0.00004336,1,1,true
2026-06-30,2008-12-01,medium,2,2,0.00016,0.0000425,0.264583333,2,true
2026-06-30,2008-12-01,overall,8,8,0.00018324,0.00007224,1,7,true
2026-06-30,2008-12-01,small,6,6,0.00002324,0.00002974,1,5,true
2026-06-30,2009-01-01,overall,3,3,0.0000204,0.00002467,1,1,true
2026-06-30,2009-01-01,small,3,3,0.0000204,0.00002467,1,1,true
2026-06-30,2009-03-01,overall,4,4,0.000045745,0.00004618,0.999913867,2,true
2026-06-30,2009-03-01,small,4,4,0.000045745,0.00004618,0.999913867,2,true
2026-06-30,2009-04-01,medium,1,1,0.0000126,0.000056,4.444444444,0,true
2026-06-30,2009-04-01,overall,6,6,0.00003377,0.00009077,1,2,true
2026-06-30,2009-04-01,small,5,5,0.00002117,0.00003477,1,2,true
2026-06-30,2009-05-01,overall,6,6,0.00004549,0.00004135,1,5,true
2026-06-30,2009-05-01,small,6,6,0.00004549,0.00004135,1,5,true
2026-06-30,2009-06-01,overall,1,1,0.0000054,0.0000054,1,1,true
2026-06-30,2009-06-01,small,1,1,0.0000054,0.0000054,1,1,true
2026-06-30,2009-07-01,overall,4,4,0.00003003,0.00003079,1.028571429,3,true
2026-06-30,2009-07-01,small,4,4,0.00003003,0.00003079,1.028571429,3,true
2026-06-30,2009-08-01,overall,5,5,0.00003484,0.00004454,1.136363636,2,true
2026-06-30,2009-08-01,small,5,5,0.00003484,0.00004454,1.136363636,2,true
2026-06-30,2009-09-01,overall,4,4,0.0000207,0.00002651,1.105885167,3,true
2026-06-30,2009-09-01,small,4,4,0.0000207,0.00002651,1.105885167,3,true
2026-06-30,2009-10-01,medium,1,1,0.00003,0.0000315,1.05,0,true
2026-06-30,2009-10-01,overall,6,6,0.000066066,0.00010547,1.387438272,4,true
2026-06-30,2009-10-01,small,5,5,0.000036066,0.00007397,1.584876543,4,true
2026-06-30,2009-11-01,overall,6,6,0.00008851,0.00009323,1,5,true
2026-06-30,2009-11-01,small,6,6,0.00008851,0.00009323,1,5,true
2026-06-30,2009-12-01,medium,1,1,0.000009,0.00006997,7.774444444,0,true
2026-06-30,2009-12-01,overall,16,16,0.00013452,0.00020535,1.090144928,6,true
2026-06-30,2009-12-01,small,15,15,0.00012552,0.00013538,1.086956522,6,true
2026-06-30,2010-01-01,overall,1,1,0.00000636,0.00000636,1,0,true
2026-06-30,2010-01-01,small,1,1,0.00000636,0.00000636,1,0,true
2026-06-30,2010-02-01,overall,5,5,0.0000307,0.00004418,1.051136364,3,true
2026-06-30,2010-02-01,small,5,5,0.0000307,0.00004418,1.051136364,3,true
2026-06-30,2010-03-01,medium,1,1,0.00015,0.00015,1,1,true
2026-06-30,2010-03-01,overall,9,9,0.00024226,0.00024161,1,6,true
2026-06-30,2010-03-01,small,8,8,0.00009226,0.00009161,1,5,true
2026-06-30,2010-04-01,overall,4,4,0.00002643,0.00003235,1,4,true
2026-06-30,2010-04-01,small,4,4,0.00002643,0.00003235,1,4,true
2026-06-30,2010-05-01,overall,10,10,0.00004115,0.00008098,2.636363636,7,true
2026-06-30,2010-05-01,small,10,10,0.00004115,0.00008098,2.636363636,7,true
2026-06-30,2010-06-01,medium,3,3,0.000130696,0.00021914,1.905197378,1,true
2026-06-30,2010-06-01,overall,23,23,0.000267686,0.000407376,1.099796334,13,true
2026-06-30,2010-06-01,small,20,20,0.00013699,0.000188236,1.082857143,12,true
2026-06-30,2010-07-01,overall,2,2,0.00005488,0.00004158,0.734,0,true
2026-06-30,2010-07-01,small,2,2,0.00005488,0.00004158,0.734,0,true
2026-06-30,2010-08-01,medium,1,1,0.000096,0.000134,1.395833333,1,true
2026-06-30,2010-08-01,overall,8,8,0.00014107,0.000172922,1,6,true
2026-06-30,2010-08-01,small,7,7,0.00004507,0.000038922,1,5,true
2026-06-30,2010-09-01,medium,1,1,0.00001629,0.00009,5.524861878,0,true
2026-06-30,2010-09-01,overall,18,18,0.000131325,0.00024259,1.073777589,13,true
2026-06-30,2010-09-01,small,17,17,0.000115035,0.00015259,1.013684211,13,true
2026-06-30,2010-10-01,overall,8,8,0.00003334,0.00004569,1.369565217,6,true
2026-06-30,2010-10-01,small,8,8,0.00003334,0.00004569,1.369565217,6,true
2026-06-30,2010-11-01,overall,9,9,0.0001034,0.00006391,1,3,true
2026-06-30,2010-11-01,small,9,9,0.0001034,0.00006391,1,3,true
2026-06-30,2010-12-01,medium,1,1,0.00006,0.00006072,1.012,0,true
2026-06-30,2010-12-01,overall,13,13,0.00012687,0.00016176,1.012,8,true
2026-06-30,2010-12-01,small,12,12,0.00006687,0.00010104,1.05,8,true
2026-06-30,2011-01-01,overall,2,2,0.000011304,0.00001647,1.477177326,1,true
2026-06-30,2011-01-01,small,2,2,0.000011304,0.00001647,1.477177326,1,true
2026-06-30,2011-02-01,overall,3,3,0.000011,0.0000246,2.4,1,true
2026-06-30,2011-02-01,small,3,3,0.000011,0.0000246,2.4,1,true
2026-06-30,2011-03-01,overall,5,5,0.0000264,0.0000341,1,3,true
2026-06-30,2011-03-01,small,5,5,0.0000264,0.0000341,1,3,true
2026-06-30,2011-04-01,overall,17,17,0.00008443,0.00009131,1.02,8,true
2026-06-30,2011-04-01,small,17,17,0.00008443,0.00009131,1.02,8,true
2026-06-30,2011-05-01,overall,18,18,0.00008936,0.00014668,1.583333333,15,true
2026-06-30,2011-05-01,small,18,18,0.00008936,0.00014668,1.583333333,15,true
2026-06-30,2011-06-01,medium,2,2,0.00003968,0.00010857,2.823141892,2,true
2026-06-30,2011-06-01,overall,33,33,0.000225404,0.00036643,1.818181818,24,true
2026-06-30,2011-06-01,small,31,31,0.000185724,0.00025786,1.772727273,22,true
2026-06-30,2011-07-01,medium,2,2,0.000086425,0.00005946,0.569511298,0,true
2026-06-30,2011-07-01,overall,20,20,0.000195125,0.00019671,1.166666667,15,true
2026-06-30,2011-07-01,small,18,18,0.0001087,0.00013725,1.333333333,15,true
2026-06-30,2011-08-01,medium,1,1,0.000077546,0.00007754,0.999922627,1,true
2026-06-30,2011-08-01,overall,11,11,0.000112111,0.00014203,1.545454545,10,true
2026-06-30,2011-08-01,small,10,10,0.000034565,0.00006449,1.859683794,9,true
2026-06-30,2011-09-01,medium,1,1,0.000018,0.000048,2.666666667,1,true
2026-06-30,2011-09-01,overall,21,21,0.00015779,0.00024492,1.181818182,16,true
2026-06-30,2011-09-01,small,20,20,0.00013979,0.00019692,1.110242424,15,true
2026-06-30,2011-10-01,overall,20,20,0.0001129,0.00017376,1.317610063,15,true
2026-06-30,2011-10-01,small,20,20,0.0001129,0.00017376,1.317610063,15,true
2026-06-30,2011-11-01,medium,2,2,0.0000399,0.0000624,2.136363636,2,true
2026-06-30,2011-11-01,overall,50,50,0.00034216,0.00049836,1.487736464,36,true
2026-06-30,2011-11-01,small,48,48,0.00030226,0.00043596,1.487736464,34,true
2026-06-30,2011-12-01,medium,1,1,0.000027,0.000035,1.296296296,0,true
2026-06-30,2011-12-01,overall,65,65,0.0004321,0.00056645,1.285714286,50,true
2026-06-30,2011-12-01,small,64,64,0.0004051,0.00053145,1.243506494,50,true
2026-06-30,2012-01-01,overall,7,7,0.00003854,0.0000479,1.25,4,true
2026-06-30,2012-01-01,small,7,7,0.00003854,0.0000479,1.25,4,true
2026-06-30,2012-02-01,medium,1,1,0.000008,0.000036,4.5,0,true
2026-06-30,2012-02-01,overall,9,9,0.0000542,0.00011926,2.8,8,true
2026-06-30,2012-02-01,small,8,8,0.0000462,0.00008326,2.8,8,true
2026-06-30,2012-03-01,medium,3,3,0.00008375,0.000163,1,3,true
2026-06-30,2012-03-01,overall,66,66,0.000397175,0.00066324,1.348484848,53,true
2026-06-30,2012-03-01,small,63,63,0.000313425,0.00050024,1.363636364,50,true
2026-06-30,2012-04-01,overall,13,13,0.00004945,0.00008675,1.36,12,true
2026-06-30,2012-04-01,small,13,13,0.00004945,0.00008675,1.36,12,true
2026-06-30,2012-05-01,overall,27,27,0.00011925,0.00020894,1.6,22,true
2026-06-30,2012-05-01,small,27,27,0.00011925,0.00020894,1.6,22,true
2026-06-30,2012-06-01,overall,33,33,0.000148905,0.0002478,1.47826087,28,true
2026-06-30,2012-06-01,small,33,33,0.000148905,0.0002478,1.47826087,28,true
2026-06-30,2012-07-01,medium,1,1,0.000015,0.000077,5.133333333,1,true
2026-06-30,2012-07-01,overall,50,50,0.000273295,0.0004519,1.396521739,39,true
2026-06-30,2012-07-01,small,49,49,0.000258295,0.0003749,1.38,38,true
2026-06-30,2012-08-01,medium,3,3,0.00019344,0.00022844,1,2,true
2026-06-30,2012-08-01,overall,75,75,0.00050074,0.00071508,1.577777778,65,true
2026-06-30,2012-08-01,small,72,72,0.0003073,0.00048664,1.583006536,63,true
2026-06-30,2012-09-01,medium,2,2,0.00007428,0.00010372,2.642857143,0,true
2026-06-30,2012-09-01,overall,87,87,0.000439584,0.00072462,1.5,73,true
2026-06-30,2012-09-01,small,85,85,0.000365304,0.0006209,1.5,73,true
2026-06-30,2012-10-01,medium,1,1,0.0000075,0.00003,4,0,true
2026-06-30,2012-10-01,overall,129,129,0.000606455,0.00100369,1.5,107,true
2026-06-30,2012-10-01,small,128,128,0.000598955,0.00097369,1.46,107,true
2026-06-30,2012-11-01,medium,1,1,0.000009,0.00003,3.333333333,1,true
2026-06-30,2012-11-01,overall,116,116,0.000520992,0.00083024,1.472333333,94,true
2026-06-30,2012-11-01,small,115,115,0.000511992,0.00080024,1.466666667,93,true
2026-06-30,2012-12-01,overall,80,80,0.000385881,0.00057565,1.347727273,67,true
2026-06-30,2012-12-01,small,80,80,0.000385881,0.00057565,1.347727273,67,true
2026-06-30,2013-01-01,medium,1,1,0.000015,0.000056,3.733333333,1,true
2026-06-30,2013-01-01,overall,74,74,0.000358935,0.00055889,1.222826087,54,true
2026-06-30,2013-01-01,small,73,73,0.000343935,0.00050289,1.195652174,53,true
2026-06-30,2013-02-01,overall,67,67,0.00027668,0.00050675,1.630434783,54,true
2026-06-30,2013-02-01,small,67,67,0.00027668,0.00050675,1.630434783,54,true
2026-06-30,2013-03-01,medium,1,1,0.00001,0.000038,3.8,1,true
2026-06-30,2013-03-01,overall,111,111,0.000511164,0.000863616,1.363636364,87,true
2026-06-30,2013-03-01,small,110,110,0.000501164,0.000825616,1.362770563,86,true
2026-06-30,2013-04-01,medium,1,1,0.000009,0.00003,3.333333333,1,true
2026-06-30,2013-04-01,overall,143,143,0.00068558,0.001114193,1.4,116,true
2026-06-30,2013-04-01,small,142,142,0.00067658,0.001084193,1.375,115,true
2026-06-30,2013-05-01,medium,2,2,0.000035,0.00013,3.5,2,true
2026-06-30,2013-05-01,overall,169,169,0.00080891,0.00129367,1.413043478,137,true
2026-06-30,2013-05-01,small,167,167,0.00077391,0.00116367,1.41,135,true
2026-06-30,2013-06-01,overall,208,208,0.000950295,0.001496916,1.48,178,true
2026-06-30,2013-06-01,small,208,208,0.000950295,0.001496916,1.48,178,true
2026-06-30,2013-07-01,medium,2,2,0.00005543,0.000059,4.694051565,1,true
2026-06-30,2013-07-01,overall,293,293,0.001378698,0.002055592,1.209738394,248,true
2026-06-30,2013-07-01,small,291,291,0.001323268,0.001996592,1.209738394,247,true
2026-06-30,2013-08-01,medium,2,2,0.000028,0.000153,5.71875,2,true
2026-06-30,2013-08-01,overall,274,274,0.001310437,0.00209764,1.270509978,242,true
2026-06-30,2013-08-01,small,272,272,0.001282437,0.00194464,1.266958841,240,true
2026-06-30,2013-09-01,medium,5,5,0.000037,0.00018803,4.8,5,true
2026-06-30,2013-09-01,overall,295,295,0.001339712,0.002252943,1.405405405,245,true
2026-06-30,2013-09-01,small,290,290,0.001302712,0.002064913,1.358333333,240,true
2026-06-30,2013-10-01,medium,3,3,0.000059,0.0004571,5.485714286,3,true
2026-06-30,2013-10-01,overall,328,328,0.001572727,0.00282231,1.431021262,283,true
2026-06-30,2013-10-01,small,325,325,0.001513727,0.00236521,1.391304348,280,true
2026-06-30,2013-11-01,medium,5,5,0.0000459,0.0002171,6.22,4,true
2026-06-30,2013-11-01,overall,309,309,0.001488489,0.002417752,1.35,260,true
2026-06-30,2013-11-01,small,304,304,0.001442589,0.002200652,1.333333333,256,true
2026-06-30,2013-12-01,medium,3,3,0.0000232,0.00011,4.848484848,2,true
2026-06-30,2013-12-01,overall,228,228,0.001143976,0.001821129,1.333333333,205,true
2026-06-30,2013-12-01,small,225,225,0.001120776,0.001711129,1.288888889,203,true
2026-06-30,2014-01-01,medium,4,4,0.00004608,0.000131,3.392857143,3,true
2026-06-30,2014-01-01,overall,216,216,0.001082177,0.00180877,1.538647343,176,true
2026-06-30,2014-01-01,small,212,212,0.001036097,0.00167777,1.496052632,173,true
2026-06-30,2014-02-01,medium,5,5,0.0001471,0.0002975,5,4,true
2026-06-30,2014-02-01,overall,237,237,0.001245626,0.001986104,1.48,205,true
2026-06-30,2014-02-01,small,232,232,0.001098526,0.001688604,1.48,201,true
2026-06-30,2014-03-01,medium,11,11,0.00014778,0.00055212,4.266666667,11,true
2026-06-30,2014-03-01,overall,337,337,0.001618226,0.00279925,1.343333333,301,true
2026-06-30,2014-03-01,small,326,326,0.001470446,0.00224713,1.333333333,290,true
2026-06-30,2014-04-01,medium,4,4,0.0001339,0.00023345,3.042753623,3,true
2026-06-30,2014-04-01,overall,377,377,0.001901102,0.00298129,1.388888889,318,true
2026-06-30,2014-04-01,small,373,373,0.001767202,0.00274784,1.351351351,315,true
2026-06-30,2014-05-01,medium,7,7,0.0000668,0.00025019,3.676470588,7,true
2026-06-30,2014-05-01,overall,398,398,0.0018128,0.00315341,1.533333333,343,true
2026-06-30,2014-05-01,small,391,391,0.001746,0.00290322,1.5,336,true
2026-06-30,2014-06-01,medium,5,5,0.00008035,0.000256,4,4,true
2026-06-30,2014-06-01,overall,434,434,0.002032348,0.00335938,1.365675676,365,true
2026-06-30,2014-06-01,small,429,429,0.001951998,0.00310338,1.351351351,361,true
2026-06-30,2014-07-01,medium,12,12,0.00015905,0.0005924,3.630952381,9,true
2026-06-30,2014-07-01,overall,597,597,0.002812341,0.005040201,1.388888889,510,true
2026-06-30,2014-07-01,small,585,585,0.002653291,0.004447801,1.361904762,501,true
2026-06-30,2014-08-01,medium,1,1,0.0000138,0.000095,6.884057971,1,true
2026-06-30,2014-08-01,overall,385,385,0.001706872,0.00272633,1.361904762,327,true
2026-06-30,2014-08-01,small,384,384,0.001693072,0.00263133,1.356628057,326,true
2026-06-30,2014-09-01,large,2,2,0.00858,0.00793,0.956666667,1,true
2026-06-30,2014-09-01,medium,2,2,0.0000783,0.0001,1.230035336,2,true
2026-06-30,2014-09-01,overall,525,525,0.010986685,0.01176078,1.4,455,true
2026-06-30,2014-09-01,small,521,521,0.002328385,0.00373078,1.4,452,true
2026-06-30,2014-10-01,large,1,1,0.0016,0.0016,1,1,true
2026-06-30,2014-10-01,medium,8,8,0.00012929,0.00043148,3.695616212,7,true
2026-06-30,2014-10-01,overall,473,473,0.003718667,0.00511053,1.388888889,400,true
2026-06-30,2014-10-01,small,464,464,0.001989377,0.00307905,1.3625,392,true
2026-06-30,2014-11-01,medium,8,8,0.00011775,0.00043016,4,8,true
2026-06-30,2014-11-01,overall,427,427,0.001765999,0.003375221,1.646428571,366,true
2026-06-30,2014-11-01,small,419,419,0.001648249,0.002945061,1.638888889,358,true
2026-06-30,2014-12-01,medium,9,9,0.00017155,0.0002931,1.816666667,8,true
2026-06-30,2014-12-01,overall,376,376,0.001735985,0.00291466,1.468627451,325,true
2026-06-30,2014-12-01,small,367,367,0.001564435,0.00262156,1.466666667,317,true
2026-06-30,2015-01-01,medium,6,6,0.000126,0.0002868,4,4,true
2026-06-30,2015-01-01,overall,335,335,0.001472857,0.00251434,1.5,286,true
2026-06-30,2015-01-01,small,329,329,0.001346857,0.00222754,1.5,282,true
2026-06-30,2015-02-01,large,1,1,0.00195,0.0027,1.384615385,1,true
2026-06-30,2015-02-01,medium,6,6,0.000086,0.000329,4,6,true
2026-06-30,2015-02-01,overall,296,296,0.003275869,0.004991131,1.5,249,true
2026-06-30,2015-02-01,small,289,289,0.001239869,0.001962131,1.483870968,242,true
2026-06-30,2015-03-01,medium,9,9,0.0002451,0.00050333,2.8,7,true
2026-06-30,2015-03-01,overall,462,462,0.002111554,0.00351419,1.4,401,true
2026-06-30,2015-03-01,small,453,453,0.001866454,0.00301086,1.4,394,true
2026-06-30,2015-04-01,medium,8,8,0.000303,0.0005114,4,8,true
2026-06-30,2015-04-01,overall,470,470,0.002218303,0.003650903,1.5,416,true
2026-06-30,2015-04-01,small,462,462,0.001915303,0.003139503,1.485294118,408,true
2026-06-30,2015-05-01,medium,12,12,0.00021862,0.0004655,4,10,true
2026-06-30,2015-05-01,overall,526,526,0.002206595,0.00388821,1.6,448,true
2026-06-30,2015-05-01,small,514,514,0.001987975,0.00342271,1.6,438,true
2026-06-30,2015-06-01,medium,8,8,0.00043688,0.0006402,3.047222222,7,true
2026-06-30,2015-06-01,overall,596,596,0.002777277,0.00465267,1.6,521,true
2026-06-30,2015-06-01,small,588,588,0.002340397,0.00401247,1.6,514,true
2026-06-30,2015-07-01,medium,8,8,0.0000744,0.0002477,5.336956522,7,true
2026-06-30,2015-07-01,overall,702,702,0.002888201,0.004925662,1.6,608,true
2026-06-30,2015-07-01,small,694,694,0.002813801,0.004677962,1.6,601,true
2026-06-30,2015-08-01,large,2,2,0.00525,0.006,2.5,1,true
2026-06-30,2015-08-01,medium,10,10,0.0002401,0.00051705,4,10,true
2026-06-30,2015-08-01,overall,608,608,0.007759672,0.010375008,1.61,547,true
2026-06-30,2015-08-01,small,596,596,0.002269572,0.003857958,1.6,536,true
2026-06-30,2015-09-01,large,1,1,0.002,0.002,1,1,true
2026-06-30,2015-09-01,medium,12,12,0.0000972,0.00044568,4,11,true
2026-06-30,2015-09-01,overall,692,692,0.004808465,0.00698614,1.666666667,608,true
2026-06-30,2015-09-01,small,679,679,0.002711265,0.00454046,1.604651163,596,true
2026-06-30,2015-10-01,medium,6,6,0.00005529,0.0002152,3.617556783,5,true
2026-06-30,2015-10-01,overall,726,726,0.002847154,0.004938575,1.666666667,642,true
2026-06-30,2015-10-01,small,720,720,0.002791864,0.004723375,1.666666667,637,true
2026-06-30,2015-11-01,medium,10,10,0.0002398,0.00099995,4,7,true
2026-06-30,2015-11-01,overall,717,717,0.003015734,0.005757975,1.745454545,627,true
2026-06-30,2015-11-01,small,707,707,0.002775934,0.004758025,1.745454545,620,true
2026-06-30,2015-12-01,medium,4,4,0.0000341,0.0001341,3.585,3,true
2026-06-30,2015-12-01,overall,703,703,0.002738298,0.00495465,1.821052632,606,true
2026-06-30,2015-12-01,small,699,699,0.002704198,0.00482055,1.8,603,true
2026-06-30,2016-01-01,large,1,1,0.005,0.00318,0.636,1,true
2026-06-30,2016-01-01,medium,9,9,0.0001238,0.000351,3.875,7,true
2026-06-30,2016-01-01,overall,616,616,0.007517396,0.007677645,1.72972973,544,true
2026-06-30,2016-01-01,small,606,606,0.002393596,0.004146645,1.720779221,536,true
2026-06-30,2016-02-01,medium,5,5,0.00005427,0.00019,4,4,true
2026-06-30,2016-02-01,overall,701,701,0.002711291,0.004844605,1.83030303,616,true
2026-06-30,2016-02-01,small,696,696,0.002657021,0.004654605,1.805660377,612,true
2026-06-30,2016-03-01,medium,13,13,0.00072565,0.00100315,4,10,true
2026-06-30,2016-03-01,overall,769,769,0.003775356,0.006313968,1.836734694,668,true
2026-06-30,2016-03-01,small,756,756,0.003049706,0.005310818,1.80625,658,true
2026-06-30,2016-04-01,medium,5,5,0.0003375,0.000562,2.036363636,2,true
2026-06-30,2016-04-01,overall,842,842,0.003570529,0.006313561,1.92,750,true
2026-06-30,2016-04-01,small,837,837,0.003233029,0.005751561,1.92,748,true
2026-06-30,2016-05-01,medium,7,7,0.0000646,0.00025836,4,5,true
2026-06-30,2016-05-01,overall,839,839,0.003316833,0.00595391,1.939393939,746,true
2026-06-30,2016-05-01,small,832,832,0.003252233,0.00569555,1.939393939,741,true
2026-06-30,2016-06-01,large,1,1,0.0014,0.001,0.714285714,1,true
2026-06-30,2016-06-01,medium,9,9,0.00012035,0.0003346,4,8,true
2026-06-30,2016-06-01,overall,1154,1154,0.005949981,0.009246725,1.939393939,1010,true
2026-06-30,2016-06-01,small,1144,1144,0.004429631,0.007912125,1.939393939,1001,true
2026-06-30,2016-07-01,large,1,1,0.01,0.010787,1.0787,1,true
2026-06-30,2016-07-01,medium,9,9,0.00019428,0.0004747,4,7,true
2026-06-30,2016-07-01,overall,1080,1080,0.014294633,0.01857972,1.939393939,969,true
2026-06-30,2016-07-01,small,1070,1070,0.004100353,0.00731802,1.939393939,961,true
2026-06-30,2016-08-01,large,4,4,0.05041,0.048928,1,3,true
2026-06-30,2016-08-01,medium,7,7,0.0000571,0.00027348,4.166666667,7,true
2026-06-30,2016-08-01,overall,1070,1070,0.054419775,0.056478535,2,960,true
2026-06-30,2016-08-01,small,1059,1059,0.003952675,0.007277055,2,950,true
2026-06-30,2016-09-01,large,2,2,0.03,0.03,1,2,true
2026-06-30,2016-09-01,medium,9,9,0.000118,0.0003446,4.333333333,8,true
2026-06-30,2016-09-01,overall,1064,1064,0.034157684,0.037678785,2,953,true
2026-06-30,2016-09-01,small,1053,1053,0.004039684,0.007334185,1.96969697,943,true
2026-06-30,2016-10-01,large,1,1,0.015,0.015,1,1,true
2026-06-30,2016-10-01,medium,7,7,0.0000918,0.000284,4,7,true
2026-06-30,2016-10-01,overall,1061,1061,0.018967222,0.022310968,1.939393939,953,true
2026-06-30,2016-10-01,small,1053,1053,0.003875422,0.007026968,1.939393939,945,true
2026-06-30,2016-11-01,medium,8,8,0.00012076,0.0003064,3.92033543,8,true
2026-06-30,2016-11-01,overall,1034,1034,0.004047148,0.00756954,2,931,true
2026-06-30,2016-11-01,small,1026,1026,0.003926388,0.00726314,2,923,true
2026-06-30,2016-12-01,large,2,2,0.013045,0.011446,1.212664057,2,true
2026-06-30,2016-12-01,medium,7,7,0.0001512,0.000366,4,7,true
2026-06-30,2016-12-01,overall,771,771,0.016206189,0.017454068,2,685,true
2026-06-30,2016-12-01,small,762,762,0.003009989,0.005642068,2,676,true
2026-06-30,2017-01-01,medium,7,7,0.0002533,0.0005075,2.355072464,7,true
2026-06-30,2017-01-01,overall,788,788,0.003225193,0.00605498,2,694,true
2026-06-30,2017-01-01,small,781,781,0.002971893,0.00554748,2,687,true
2026-06-30,2017-02-01,medium,13,13,0.00032748,0.0005938,2.260869565,12,true
2026-06-30,2017-02-01,overall,992,992,0.003910974,0.0073113,2,913,true
2026-06-30,2017-02-01,small,979,979,0.003583494,0.0067175,2,901,true
2026-06-30,2017-03-01,medium,17,17,0.0005516,0.0014213,4,13,true
2026-06-30,2017-03-01,overall,1407,1407,0.005872505,0.01131735,2,1262,true
2026-06-30,2017-03-01,small,1390,1390,0.005320905,0.00989605,2,1249,true
2026-06-30,2017-04-01,large,1,1,0.0158,0.0159,1.006329114,1,true
2026-06-30,2017-04-01,medium,10,10,0.0001657,0.000511484,3.75,8,true
2026-06-30,2017-04-01,overall,1319,1319,0.021093217,0.02609447,2,1177,true
2026-06-30,2017-04-01,small,1308,1308,0.005127517,0.009682986,2,1168,true
2026-06-30,2017-05-01,large,2,2,0.0039,0.00373,0.939285714,2,true
2026-06-30,2017-05-01,medium,13,13,0.00024187,0.0004923,3.333333333,9,true
2026-06-30,2017-05-01,overall,1631,1631,0.01044981,0.016116217,2,1463,true
2026-06-30,2017-05-01,small,1616,1616,0.00630794,0.011893917,2,1452,true
2026-06-30,2017-06-01,large,3,3,0.0171,0.02053,1,3,true
2026-06-30,2017-06-01,medium,14,14,0.00013175,0.00068548,4,11,true
2026-06-30,2017-06-01,overall,1700,1700,0.023921461,0.033919899,2,1521,true
2026-06-30,2017-06-01,small,1683,1683,0.006689711,0.012704419,2,1507,true
2026-06-30,2017-07-01,large,3,3,0.03083,0.036299,1.062587822,2,true
2026-06-30,2017-07-01,medium,10,10,0.00015838,0.00040352,3.431027668,10,true
2026-06-30,2017-07-01,overall,1778,1778,0.038001552,0.050024485,2,1582,true
2026-06-30,2017-07-01,small,1765,1765,0.007013172,0.013321965,2,1570,true
2026-06-30,2017-08-01,large,1,1,0.0026,0.0024,0.923076923,1,true
2026-06-30,2017-08-01,medium,12,12,0.0002033,0.00050732,2.801932367,10,true
2026-06-30,2017-08-01,overall,1737,1737,0.009706554,0.01607331,2,1529,true
2026-06-30,2017-08-01,small,1724,1724,0.006903254,0.01316599,2,1518,true
2026-06-30,2017-09-01,large,4,4,0.0136,0.0154,1.132352941,2,true
2026-06-30,2017-09-01,medium,18,18,0.0004265,0.00114274,3.143939394,18,true
2026-06-30,2017-09-01,overall,1790,1790,0.021110672,0.03043632,2.02173913,1602,true
2026-06-30,2017-09-01,small,1768,1768,0.007084172,0.01389358,2,1582,true
2026-06-30,2017-10-01,medium,19,19,0.0010165,0.00133452,3,16,true
2026-06-30,2017-10-01,overall,1743,1743,0.00804724,0.014833916,2,1569,true
2026-06-30,2017-10-01,small,1724,1724,0.00703074,0.013499396,2,1553,true
2026-06-30,2017-11-01,large,1,1,0.002,0.0027,1.35,1,true
2026-06-30,2017-11-01,medium,20,20,0.0009576,0.00123846,2.530354267,16,true
2026-06-30,2017-11-01,overall,1742,1742,0.009891409,0.01762377,2.02173913,1564,true
2026-06-30,2017-11-01,small,1721,1721,0.006933809,0.01368531,2.02173913,1547,true
2026-06-30,2017-12-01,large,1,1,0.0015,0.00125,0.833333333,1,true
2026-06-30,2017-12-01,medium,16,16,0.0021324,0.00181116,2.333333333,15,true
2026-06-30,2017-12-01,overall,1157,1157,0.008260677,0.012099908,2.0625,1020,true
2026-06-30,2017-12-01,small,1140,1140,0.004628277,0.009038748,2.0625,1004,true
2026-06-30,2018-01-01,large,2,2,0.0026,0.003,1.333333333,2,true
2026-06-30,2018-01-01,medium,25,25,0.00047635,0.00126075,3.636363636,21,true
2026-06-30,2018-01-01,overall,1733,1733,0.0099506,0.017749145,2.1,1541,true
2026-06-30,2018-01-01,small,1706,1706,0.00687425,0.013488395,2.090909091,1518,true
2026-06-30,2018-02-01,medium,10,10,0.000308875,0.000875,2.629166667,8,true
2026-06-30,2018-02-01,overall,1336,1336,0.005735265,0.0116884,2.15,1200,true
2026-06-30,2018-02-01,small,1326,1326,0.00542639,0.0108134,2.133333333,1192,true
2026-06-30,2018-03-01,medium,18,18,0.000359575,0.00103808,3.414130435,14,true
2026-06-30,2018-03-01,overall,1651,1651,0.007045129,0.01427914,2.090909091,1464,true
2026-06-30,2018-03-01,small,1633,1633,0.006685554,0.01324106,2.085106383,1450,true
2026-06-30,2018-04-01,large,3,3,0.0542,0.0541,1,3,true
2026-06-30,2018-04-01,medium,21,21,0.0004286,0.00089602,3.03030303,19,true
2026-06-30,2018-04-01,overall,1803,1803,0.061915756,0.0691251,2,1630,true
2026-06-30,2018-04-01,small,1779,1779,0.007287156,0.01412908,2,1608,true
2026-06-30,2018-05-01,large,3,3,0.0144,0.0309,1.6,3,true
2026-06-30,2018-05-01,medium,37,37,0.00069322,0.0017403,2.956521739,30,true
2026-06-30,2018-05-01,overall,1956,1956,0.022866736,0.04816643,2.114855072,1747,true
2026-06-30,2018-05-01,small,1916,1916,0.007773516,0.01552613,2.085144928,1714,true
2026-06-30,2018-06-01,large,2,2,0.016425,0.025499,1.552452055,2,true
2026-06-30,2018-06-01,medium,21,21,0.00058742,0.001284,3.636363636,20,true
2026-06-30,2018-06-01,overall,2057,2057,0.025268379,0.043117685,2.02173913,1876,true
2026-06-30,2018-06-01,small,2034,2034,0.008255959,0.016334685,2.02173913,1854,true
2026-06-30,2018-07-01,large,2,2,0.0169,0.009688,0.90675,2,true
2026-06-30,2018-07-01,medium,26,26,0.0006836,0.00151316,2.759057971,21,true
2026-06-30,2018-07-01,overall,2282,2282,0.026907671,0.02920043,2.02173913,2049,true
2026-06-30,2018-07-01,small,2254,2254,0.009324071,0.01799927,2.02173913,2026,true
2026-06-30,2018-08-01,large,1,1,0.0048,0.0048,1,1,true
2026-06-30,2018-08-01,medium,24,24,0.0004296,0.00101182,2.967391304,21,true
2026-06-30,2018-08-01,overall,2115,2115,0.01379434,0.022828585,2.1,1910,true
2026-06-30,2018-08-01,small,2090,2090,0.00856474,0.017016765,2.087922705,1888,true
2026-06-30,2018-09-01,large,1,1,0.009,0.0065,0.722222222,1,true
2026-06-30,2018-09-01,medium,31,31,0.0010899,0.00257037,3.333333333,27,true
2026-06-30,2018-09-01,overall,2194,2194,0.019295574,0.02669698,2.02173913,1950,true
2026-06-30,2018-09-01,small,2162,2162,0.009205674,0.01762661,2.02173913,1922,true
2026-06-30,2018-10-01,medium,23,23,0.00059019,0.00133736,3.2,18,true
2026-06-30,2018-10-01,overall,2304,2304,0.010421661,0.02025631,2.022826087,2068,true
2026-06-30,2018-10-01,small,2281,2281,0.009831471,0.01891895,2.02173913,2050,true
2026-06-30,2018-11-01,large,1,1,0.016425,0.0255,1.552511416,1,true
2026-06-30,2018-11-01,medium,31,31,0.00056265,0.00137036,3,25,true
2026-06-30,2018-11-01,overall,2125,2125,0.025846565,0.044059565,2.045454545,1890,true
2026-06-30,2018-11-01,small,2093,2093,0.008858915,0.017189205,2.026143791,1864,true
2026-06-30,2018-12-01,large,1,1,0.0005,0.00294,5.88,0,true
2026-06-30,2018-12-01,medium,30,30,0.0013667,0.00207454,2.633333333,30,true
2026-06-30,2018-12-01,overall,1433,1433,0.008031069,0.016942335,2.133333333,1286,true
2026-06-30,2018-12-01,small,1402,1402,0.006164369,0.011927795,2.130434783,1256,true
2026-06-30,2019-01-01,medium,49,49,0.00166879,0.00291666,2.647058824,43,true
2026-06-30,2019-01-01,overall,2360,2360,0.011431086,0.02212492,2.066666667,2119,true
2026-06-30,2019-01-01,small,2311,2311,0.009762296,0.01920826,2.054545455,2076,true
2026-06-30,2019-02-01,medium,25,25,0.000764,0.0014665,3.066666667,24,true
2026-06-30,2019-02-01,overall,2198,2198,0.009478346,0.01914195,2.075881316,1934,true
2026-06-30,2019-02-01,small,2173,2173,0.008714346,0.01767545,2.064516129,1910,true
2026-06-30,2019-03-01,large,2,2,0.0305,0.02489,0.822044444,2,true
2026-06-30,2019-03-01,medium,39,39,0.000843593,0.00192692,3,35,true
2026-06-30,2019-03-01,overall,2830,2830,0.042593429,0.049486485,2.166666667,2543,true
2026-06-30,2019-03-01,small,2789,2789,0.011249836,0.022669565,2.166666667,2506,true
2026-06-30,2019-04-01,medium,32,32,0.00058079,0.00187871,3.96969697,28,true
2026-06-30,2019-04-01,overall,3329,3329,0.01385423,0.029212012,2.166666667,2954,true
2026-06-30,2019-04-01,small,3297,3297,0.01327344,0.027333302,2.166666667,2926,true
2026-06-30,2019-05-01,large,3,3,0.02524,0.0255,1,3,true
2026-06-30,2019-05-01,medium,24,24,0.00066646,0.00143907,3.894444444,20,true
2026-06-30,2019-05-01,overall,3727,3727,0.040808969,0.057316115,2.166666667,3357,true
2026-06-30,2019-05-01,small,3700,3700,0.014902509,0.030377045,2.161081081,3334,true
2026-06-30,2019-06-01,large,2,2,0.002,0.00274,1.37,2,true
2026-06-30,2019-06-01,medium,38,38,0.000812,0.0020687,3.669444444,28,true
2026-06-30,2019-06-01,overall,3459,3459,0.016590256,0.032915478,2.166666667,3120,true
2026-06-30,2019-06-01,small,3419,3419,0.013778256,0.028106778,2.166666667,3090,true
2026-06-30,2019-07-01,large,2,2,0.017675,0.0271,1.416255708,1,true
2026-06-30,2019-07-01,medium,47,47,0.00160601,0.0031026,2.333333333,40,true
2026-06-30,2019-07-01,overall,4222,4222,0.036173023,0.06519058,2.166666667,3812,true
2026-06-30,2019-07-01,small,4173,4173,0.016892013,0.03498798,2.166666667,3771,true
2026-06-30,2019-08-01,medium,41,41,0.00137498,0.00269022,3.25,35,true
2026-06-30,2019-08-01,overall,3735,3735,0.016436607,0.033909803,2.222222222,3390,true
2026-06-30,2019-08-01,small,3694,3694,0.015061627,0.031219583,2.222222222,3355,true
2026-06-30,2019-09-01,medium,54,54,0.00225198,0.00396743,3.383838384,46,true
2026-06-30,2019-09-01,overall,4187,4187,0.019064061,0.03850243,2.166666667,3783,true
2026-06-30,2019-09-01,small,4133,4133,0.016812081,0.034535,2.166666667,3737,true
2026-06-30,2019-10-01,medium,39,39,0.00168765,0.00335684,2.89532294,33,true
2026-06-30,2019-10-01,overall,4761,4761,0.021060555,0.042845365,2.115217391,4277,true
2026-06-30,2019-10-01,small,4722,4722,0.019372905,0.039488525,2.093478261,4244,true
2026-06-30,2019-11-01,medium,48,48,0.00193288,0.00400257,2.943901371,45,true
2026-06-30,2019-11-01,overall,4410,4410,0.0196793,0.040302818,2.086956522,4011,true
2026-06-30,2019-11-01,small,4362,4362,0.01774642,0.036300248,2.083333333,3966,true
2026-06-30,2019-12-01,large,1,1,0.0015,0.001507,1.004666667,1,true
2026-06-30,2019-12-01,medium,46,46,0.0019198,0.00329715,2.934782609,43,true
2026-06-30,2019-12-01,overall,2939,2939,0.015373499,0.02864267,2.0625,2704,true
2026-06-30,2019-12-01,small,2892,2892,0.011953699,0.02383852,2.048,2660,true
2026-06-30,2020-01-01,large,1,1,0.0015,0.0016,1.066666667,1,true
2026-06-30,2020-01-01,medium,66,66,0.0021352,0.00345157,2.934782609,61,true
2026-06-30,2020-01-01,overall,5633,5633,0.027139198,0.051957621,2.045454545,5230,true
2026-06-30,2020-01-01,small,5566,5566,0.023503998,0.046906051,2.045454545,5168,true
2026-06-30,2020-02-01,large,1,1,0.01,0.0109584,1.09584,1,true
2026-06-30,2020-02-01,medium,57,57,0.00143095,0.00348496,2.934782609,50,true
2026-06-30,2020-02-01,overall,4437,4437,0.029793264,0.050693265,2.04,4123,true
2026-06-30,2020-02-01,small,4379,4379,0.018362314,0.036249905,2.02173913,4072,true
2026-06-30,2020-03-01,medium,83,83,0.00224067,0.00483837,3.47826087,74,true
2026-06-30,2020-03-01,overall,5762,5762,0.026428004,0.053996104,2.133333333,5347,true
2026-06-30,2020-03-01,small,5679,5679,0.024187334,0.049157734,2.121212121,5273,true
2026-06-30,2020-04-01,medium,79,79,0.00183732,0.00422677,3.52,71,true
2026-06-30,2020-04-01,overall,5960,5960,0.026915452,0.055257175,2.086956522,5535,true
2026-06-30,2020-04-01,small,5881,5881,0.025078132,0.051030405,2.081081081,5464,true
2026-06-30,2020-05-01,medium,70,70,0.0016652,0.00422849,3.883838384,59,true
2026-06-30,2020-05-01,overall,6191,6191,0.02818962,0.057503483,2.045454545,5734,true
2026-06-30,2020-05-01,small,6121,6121,0.02652442,0.053274993,2.04,5675,true
2026-06-30,2020-06-01,medium,88,88,0.00268774,0.00541027,3.255434783,83,true
2026-06-30,2020-06-01,overall,6590,6590,0.031272582,0.06196447,2,6154,true
2026-06-30,2020-06-01,small,6502,6502,0.028584842,0.0565542,2,6071,true
2026-06-30,2020-07-01,large,1,1,0.0075,0.0075,1,1,true
2026-06-30,2020-07-01,medium,74,74,0.0020095,0.00437663,2.934782609,69,true
2026-06-30,2020-07-01,overall,8349,8349,0.04684608,0.083470376,2,7794,true
2026-06-30,2020-07-01,small,8274,8274,0.03733658,0.071593746,2,7724,true
2026-06-30,2020-08-01,medium,73,73,0.00206748,0.00421561,2.566666667,61,true
2026-06-30,2020-08-01,overall,7292,7292,0.034883457,0.0664485,2,6751,true
2026-06-30,2020-08-01,small,7219,7219,0.032815977,0.06223289,2,6690,true
2026-06-30,2020-09-01,medium,87,87,0.00177561,0.00455807,3.9,81,true
2026-06-30,2020-09-01,overall,9218,9218,0.044588315,0.083869929,2,8608,true
2026-06-30,2020-09-01,small,9131,9131,0.042812705,0.079311859,2,8527,true
2026-06-30,2020-10-01,large,1,1,0.002,0.002148,1.074,1,true
2026-06-30,2020-10-01,medium,82,82,0.00334029,0.005784277,3.75,70,true
2026-06-30,2020-10-01,overall,10029,10029,0.05266552,0.094393102,2,9337,true
2026-06-30,2020-10-01,small,9946,9946,0.04732523,0.086460825,2,9266,true
2026-06-30,2020-11-01,large,1,1,0.066,0.05263,0.797424242,1,true
2026-06-30,2020-11-01,medium,100,100,0.00427619,0.00747522,3.70530303,90,true
2026-06-30,2020-11-01,overall,9683,9683,0.116075575,0.143529648,2,9054,true
2026-06-30,2020-11-01,small,9582,9582,0.045799385,0.083424428,2,8963,true
2026-06-30,2020-12-01,large,8,8,0.013454,0.015575,1.042222222,8,true
2026-06-30,2020-12-01,medium,86,86,0.002546475,0.00517149,2.989130435,75,true
2026-06-30,2020-12-01,overall,7593,7593,0.052595829,0.08575508,1.95,7023,true
2026-06-30,2020-12-01,small,7499,7499,0.036595354,0.06500859,1.95,6940,true
2026-06-30,2021-01-01,large,4,4,0.01022,0.01014,0.98,3,true
2026-06-30,2021-01-01,medium,100,100,0.00404022,0.00572982,3.2421875,89,true
2026-06-30,2021-01-01,overall,8265,8265,0.054090418,0.088764635,2,7690,true
2026-06-30,2021-01-01,small,8161,8161,0.039830198,0.072894815,2,7598,true
2026-06-30,2021-02-01,large,2,2,0.0131,0.006244,0.474612659,2,true
2026-06-30,2021-02-01,medium,87,87,0.00299278,0.00477633,3.888888889,72,true
2026-06-30,2021-02-01,overall,7312,7312,0.051385508,0.074696808,2,6739,true
2026-06-30,2021-02-01,small,7223,7223,0.035292728,0.063676478,2,6665,true
2026-06-30,2021-03-01,medium,123,123,0.006317154,0.00868801,2.934782609,110,true
2026-06-30,2021-03-01,overall,10977,10977,0.059622922,0.104413189,2,10209,true
2026-06-30,2021-03-01,small,10854,10854,0.053305768,0.095725179,2,10099,true
2026-06-30,2021-04-01,medium,103,103,0.002203806,0.00557788,3.672248804,91,true
2026-06-30,2021-04-01,overall,11102,11102,0.057469378,0.103753149,2,10369,true
2026-06-30,2021-04-01,small,10999,10999,0.055265572,0.098175269,1.995712337,10278,true
2026-06-30,2021-05-01,medium,106,106,0.003056037,0.00640418,3.721771495,96,true
2026-06-30,2021-05-01,overall,11315,11315,0.059871851,0.106190962,1.96,10631,true
2026-06-30,2021-05-01,small,11209,11209,0.056815814,0.099786782,1.951111111,10535,true
2026-06-30,2021-06-01,medium,131,131,0.00313703,0.00764728,3.03030303,114,true
2026-06-30,2021-06-01,overall,13479,13479,0.07079447,0.126575891,1.95,12620,true
2026-06-30,2021-06-01,small,13348,13348,0.06765744,0.118928611,1.95,12506,true
2026-06-30,2021-07-01,medium,114,114,0.002314304,0.00574801,3.47826087,98,true
2026-06-30,2021-07-01,overall,13639,13640,0.071320922,0.12651645,1.95,12681,true
2026-06-30,2021-07-01,small,13525,13526,0.069006618,0.12076844,1.948888889,12583,true
2026-06-30,2021-08-01,large,1,1,0.00924,0.01,1.082251082,1,true
2026-06-30,2021-08-01,medium,133,133,0.00309666,0.00749296,3.555555556,117,true
2026-06-30,2021-08-01,overall,12108,12108,0.074090928,0.123997498,1.944444444,11305,true
2026-06-30,2021-08-01,small,11974,11974,0.061754268,0.106504538,1.932075472,11187,true
2026-06-30,2021-09-01,medium,101,101,0.00274359,0.0058818,3.45,87,true
2026-06-30,2021-09-01,overall,14561,14561,0.076773763,0.135247786,1.95,13589,true
2026-06-30,2021-09-01,small,14460,14460,0.074030173,0.129365986,1.95,13502,true
2026-06-30,2021-10-01,large,3,3,0.00241,0.00409,1.553,3,true
2026-06-30,2021-10-01,medium,101,101,0.0023825,0.00540055,3.238224638,83,true
2026-06-30,2021-10-01,overall,14439,14439,0.078532692,0.137900837,1.95,13466,true
2026-06-30,2021-10-01,small,14335,14335,0.073740192,0.128410287,1.95,13380,true
2026-06-30,2021-11-01,large,1,1,0.0011,0.001553,1.411818182,1,true
2026-06-30,2021-11-01,medium,121,121,0.00271212,0.0067834,3.312,106,true
2026-06-30,2021-11-01,overall,14257,14257,0.07567844,0.134530624,2,13308,true
2026-06-30,2021-11-01,small,14135,14135,0.07186632,0.126194224,2,13201,true
2026-06-30,2021-12-01,large,4,4,0.01908,0.01882,1.1,3,true
2026-06-30,2021-12-01,medium,114,114,0.0075009,0.0105746,3.188888889,100,true
2026-06-30,2021-12-01,overall,10364,10364,0.079082503,0.121487044,2,9638,true
2026-06-30,2021-12-01,small,10246,10246,0.052501603,0.092092444,2,9535,true
2026-06-30,2022-01-01,large,6,6,0.010242,0.013571,1.003938294,6,true
2026-06-30,2022-01-01,medium,118,118,0.00292188,0.00616112,3.25,100,true
2026-06-30,2022-01-01,overall,12800,12800,0.078050366,0.13328157,2,11857,true
2026-06-30,2022-01-01,small,12676,12676,0.064886486,0.11354945,2,11751,true
2026-06-30,2022-02-01,medium,102,102,0.00267009,0.0060957,2.975,88,true
2026-06-30,2022-02-01,overall,13453,13453,0.070761631,0.125014824,2,12293,true
2026-06-30,2022-02-01,small,13351,13351,0.068091541,0.118919124,2,12205,true
2026-06-30,2022-03-01,large,1,1,0.001,0.001068,1.068,1,true
2026-06-30,2022-03-01,medium,153,153,0.00272747,0.00729774,3.532608696,117,true
2026-06-30,2022-03-01,overall,18206,18206,0.096409188,0.17082999,2,16436,true
2026-06-30,2022-03-01,small,18052,18052,0.092681718,0.16246425,2,16318,true
2026-06-30,2022-04-01,large,4,4,0.017784,0.017179,0.994202899,4,true
2026-06-30,2022-04-01,medium,139,139,0.00385437,0.008388058,3.2,123,true
2026-06-30,2022-04-01,overall,15597,15597,0.10211446,0.165042223,2,14087,true
2026-06-30,2022-04-01,small,15454,15454,0.08047609,0.139475165,2,13960,true
2026-06-30,2022-05-01,large,3,3,0.0112,0.010228,1.226,2,true
2026-06-30,2022-05-01,medium,134,134,0.00458606,0.00947333,3.276,109,true
2026-06-30,2022-05-01,overall,18498,18498,0.111332463,0.184801182,2,16723,true
2026-06-30,2022-05-01,small,18361,18361,0.095546403,0.165099852,2,16612,true
2026-06-30,2022-06-01,large,3,3,0.00682,0.00974,1.696428571,2,true
2026-06-30,2022-06-01,medium,116,116,0.00443389,0.00882586,3.291666667,98,true
2026-06-30,2022-06-01,overall,17722,17722,0.10421223,0.176980624,2,16048,true
2026-06-30,2022-06-01,small,17603,17603,0.09295834,0.158414764,2,15948,true
2026-06-30,2022-07-01,large,1,1,0.0034,0.0017,0.5,0,true
2026-06-30,2022-07-01,medium,139,139,0.00523582,0.01037826,3,117,true
2026-06-30,2022-07-01,overall,17071,17071,0.098959532,0.164516893,1.9921875,15311,true
2026-06-30,2022-07-01,small,16931,16931,0.090323712,0.152438633,1.969230769,15194,true
2026-06-30,2022-08-01,large,3,3,0.007224,0.01084048,1.391428571,2,true
2026-06-30,2022-08-01,medium,206,206,0.00502734,0.01215037,3.2,177,true
2026-06-30,2022-08-01,overall,24650,24650,0.14731062,0.244864899,1.932,22162,true
2026-06-30,2022-08-01,small,24441,24441,0.13505928,0.221874049,1.925,21983,true
2026-06-30,2022-09-01,large,2,2,0.0457,0.0437,0.96,1,true
2026-06-30,2022-09-01,medium,208,208,0.00632208,0.013878217,3.233333333,169,true
2026-06-30,2022-09-01,overall,24493,24493,0.185450006,0.277144755,1.944444444,21885,true
2026-06-30,2022-09-01,small,24283,24283,0.133427926,0.219566538,1.933333333,21715,true
2026-06-30,2022-10-01,large,2,2,0.034583,0.036128,1.062760002,2,true
2026-06-30,2022-10-01,medium,183,183,0.00432353,0.00990032,3.095238095,151,true
2026-06-30,2022-10-01,overall,22101,22101,0.159433197,0.243460916,1.933333333,19532,true
2026-06-30,2022-10-01,small,21916,21916,0.120526667,0.197432596,1.932075472,19379,true
2026-06-30,2022-11-01,large,6,6,0.08961,0.0980712,1.108478261,4,true
2026-06-30,2022-11-01,medium,186,186,0.00570396,0.01181386,3.111515152,160,true
2026-06-30,2022-11-01,overall,22126,22126,0.216096308,0.30708988,1.933333333,19417,true
2026-06-30,2022-11-01,small,21934,21934,0.120782348,0.19720482,1.933333333,19253,true
2026-06-30,2022-12-01,large,24,24,0.26514,0.30190304,0.986772487,19,true
2026-06-30,2022-12-01,medium,149,149,0.00700608,0.012371232,3,122,true
2026-06-30,2022-12-01,overall,13184,13184,0.343985189,0.432547402,1.964285714,11377,true
2026-06-30,2022-12-01,small,13011,13011,0.071839109,0.11827313,1.961685824,11236,true
2026-06-30,2023-01-01,large,5,5,0.020458,0.023472,2.155172414,4,true
2026-06-30,2023-01-01,medium,314,314,0.008981442,0.01988543,3,269,true
2026-06-30,2023-01-01,overall,44348,44348,0.288264129,0.450077365,1.827067669,39396,true
2026-06-30,2023-01-01,small,44029,44029,0.258824687,0.406719935,1.822222222,39123,true
2026-06-30,2023-02-01,large,4,4,0.005995,0.011677,2.464333333,4,true
2026-06-30,2023-02-01,medium,266,266,0.006876462,0.01555086,2.934782609,229,true
2026-06-30,2023-02-01,overall,39097,39097,0.24039117,0.38201536,1.791666667,34314,true
2026-06-30,2023-02-01,small,38827,38827,0.227519708,0.3547875,1.77383592,34081,true
2026-06-30,2023-03-01,large,7,7,0.018455,0.0235832,1.005675676,7,true
2026-06-30,2023-03-01,medium,343,343,0.007262749,0.017475015,3,280,true
2026-06-30,2023-03-01,overall,50384,50384,0.322588992,0.498522009,1.695652174,43951,true
2026-06-30,2023-03-01,small,50034,50034,0.296871243,0.457463794,1.672357335,43664,true
2026-06-30,2023-04-01,large,9,9,0.0394192,0.0400942,1,9,true
2026-06-30,2023-04-01,medium,279,279,0.0075516,0.016465908,3,229,true
2026-06-30,2023-04-01,overall,43055,43055,0.302978983,0.447320308,1.666666667,37508,true
2026-06-30,2023-04-01,small,42767,42767,0.256008183,0.3907602,1.666666667,37270,true
2026-06-30,2023-05-01,large,3,3,0.003256,0.008971,7.905882353,3,true
2026-06-30,2023-05-01,medium,332,332,0.007523655,0.018135342,3,263,true
2026-06-30,2023-05-01,overall,53099,53099,0.329717963,0.510038451,1.630434783,46492,true
2026-06-30,2023-05-01,small,52764,52764,0.318938308,0.482932109,1.617647059,46226,true
2026-06-30,2023-06-01,large,3,3,0.011765,0.0243104,2,3,true
2026-06-30,2023-06-01,medium,372,372,0.00756925,0.018691736,3.03030303,315,true
2026-06-30,2023-06-01,overall,59434,59434,0.379210357,0.58268558,1.6,52109,true
2026-06-30,2023-06-01,small,59059,59059,0.359876107,0.539683444,1.6,51791,true
2026-06-30,2023-07-01,medium,377,377,0.00907701,0.020862958,2.934782609,298,true
2026-06-30,2023-07-01,overall,58568,58568,0.365707535,0.554145065,1.6,51134,true
2026-06-30,2023-07-01,small,58191,58191,0.356630525,0.533282107,1.6,50836,true
2026-06-30,2023-08-01,medium,417,417,0.01080157,0.02406972,3,334,true
2026-06-30,2023-08-01,overall,58432,58432,0.366710246,0.555782775,1.6,50876,true
2026-06-30,2023-08-01,small,58015,58015,0.355908676,0.531713055,1.6,50542,true
2026-06-30,2023-09-01,large,7,7,0.024035,0.057502152,2,6,true
2026-06-30,2023-09-01,medium,375,375,0.01033828,0.021891506,2.933333333,313,true
2026-06-30,2023-09-01,overall,57225,57225,0.386639989,0.603170824,1.555555556,49686,true
2026-06-30,2023-09-01,small,56843,56843,0.352266709,0.523777166,1.54,49367,true
2026-06-30,2023-10-01,large,5,5,0.01766,0.033482,2.032,4,true
2026-06-30,2023-10-01,medium,410,410,0.01079425,0.02386754,3,339,true
2026-06-30,2023-10-01,overall,54018,54018,0.361214312,0.55219955,1.547619048,46579,true
2026-06-30,2023-10-01,small,53603,53603,0.332760062,0.49485001,1.536,46236,true
2026-06-30,2023-11-01,large,12,12,0.036702,0.0772128,2,8,true
2026-06-30,2023-11-01,medium,430,430,0.01088732,0.023935804,2.708333333,369,true
2026-06-30,2023-11-01,overall,53341,53341,0.379370312,0.591634033,1.536,45998,true
2026-06-30,2023-11-01,small,52899,52899,0.331780992,0.490485429,1.515789474,45621,true
2026-06-30,2023-12-01,large,5,5,0.005984,0.011312,2.24,5,true
2026-06-30,2023-12-01,medium,375,375,0.01016373,0.021606719,2.566666667,298,true
2026-06-30,2023-12-01,overall,35953,35953,0.240763354,0.366452907,1.533333333,30416,true
2026-06-30,2023-12-01,small,35573,35573,0.224615624,0.333534188,1.502608696,30113,true
2026-06-30,2024-01-01,large,6,6,0.080457,0.088548,1.797533259,4,true
2026-06-30,2024-01-01,medium,549,549,0.014240715,0.030694947,2.75,442,true
2026-06-30,2024-01-01,overall,45929,45929,0.384115422,0.549524132,1.536,38969,true
2026-06-30,2024-01-01,small,45374,45374,0.289417707,0.430281185,1.52,38523,true
2026-06-30,2024-02-01,large,9,9,0.04023,0.069798,2.16,3,true
2026-06-30,2024-02-01,medium,313,313,0.007972888,0.01800924,2.739130435,238,true
2026-06-30,2024-02-01,overall,40136,40136,0.29653988,0.455772615,1.536,33470,true
2026-06-30,2024-02-01,small,39814,39814,0.248336992,0.367965375,1.515151515,33229,true
2026-06-30,2024-03-01,large,4,4,0.01037,0.012042,1.09745951,3,true
2026-06-30,2024-03-01,medium,407,407,0.010042824,0.021866139,2.56,303,true
2026-06-30,2024-03-01,overall,46360,46360,0.306841486,0.456069772,1.493,38518,true
2026-06-30,2024-03-01,small,45949,45949,0.286428662,0.422161633,1.470588235,38212,true
2026-06-30,2024-04-01,large,14,14,0.025508,0.0519508,2.558,13,true
2026-06-30,2024-04-01,medium,469,469,0.011883077,0.02673336,2.777777778,387,true
2026-06-30,2024-04-01,overall,53089,53089,0.35243318,0.545832934,1.555,43204,true
2026-06-30,2024-04-01,small,52606,52606,0.315042103,0.467148774,1.54,42804,true
2026-06-30,2024-05-01,large,6,6,0.01071,0.016094,1.75,4,true
2026-06-30,2024-05-01,medium,407,407,0.01157965,0.024476825,2.566666667,314,true
2026-06-30,2024-05-01,overall,50233,50233,0.314976106,0.477239982,1.6,40287,true
2026-06-30,2024-05-01,small,49820,49820,0.292686456,0.436669157,1.6,39969,true
2026-06-30,2024-06-01,large,9,9,0.011895,0.023625,1.984,7,true
2026-06-30,2024-06-01,medium,452,452,0.011832951,0.024972527,2.53884127,350,true
2026-06-30,2024-06-01,overall,52179,52179,0.324455407,0.497557771,1.666666667,41396,true
2026-06-30,2024-06-01,small,51718,51718,0.300727456,0.448960244,1.66,41039,true
2026-06-30,2024-07-01,large,8,8,0.046114,0.070797328,2,6,true
2026-06-30,2024-07-01,medium,519,519,0.012647373,0.027842063,2.733333333,378,true
2026-06-30,2024-07-01,overall,59429,59429,0.39523665,0.605658262,1.666666667,46274,true
2026-06-30,2024-07-01,small,58902,58902,0.336475277,0.507018871,1.666666667,45890,true
2026-06-30,2024-08-01,large,6,6,0.025309,0.073586128,2.584473043,3,true
2026-06-30,2024-08-01,medium,407,407,0.01091919,0.023805428,2.380952381,295,true
2026-06-30,2024-08-01,overall,48821,48821,0.29831431,0.494628788,1.711111111,36878,true
2026-06-30,2024-08-01,small,48408,48408,0.26208612,0.397237232,1.706666667,36580,true
2026-06-30,2024-09-01,large,7,7,0.022316,0.026088,1.175,3,true
2026-06-30,2024-09-01,medium,427,427,0.010287764,0.022275411,2.5,303,true
2026-06-30,2024-09-01,overall,47817,47817,0.301433994,0.453329726,1.666666667,36478,true
2026-06-30,2024-09-01,small,47383,47383,0.26883023,0.404966315,1.666666667,36172,true
2026-06-30,2024-10-01,large,4,4,0.0071,0.016131,2.061922269,4,true
2026-06-30,2024-10-01,medium,468,468,0.012377385,0.02695311,2.5,332,true
2026-06-30,2024-10-01,overall,46955,46955,0.294477029,0.454957673,1.666666667,35788,true
2026-06-30,2024-10-01,small,46483,46483,0.274999644,0.411873563,1.666666667,35452,true
2026-06-30,2024-11-01,large,20,20,0.06256056,0.156402945,2.540475,14,true
2026-06-30,2024-11-01,medium,491,491,0.014101998,0.030154894,2.5,350,true
2026-06-30,2024-11-01,overall,43417,43417,0.339619125,0.577819069,1.656,33278,true
2026-06-30,2024-11-01,small,42906,42906,0.262956567,0.39126123,1.637965517,32914,true
2026-06-30,2024-12-01,large,9,9,0.16778,0.2192266,2,4,true
2026-06-30,2024-12-01,medium,598,598,0.01566685,0.03527005,2.5,408,true
2026-06-30,2024-12-01,overall,38870,38870,0.419328998,0.610125718,1.666666667,29308,true
2026-06-30,2024-12-01,small,38263,38263,0.235882148,0.355629068,1.666666667,28896,true
2026-06-30,2025-01-01,large,4,4,0.004829,0.008859,1.793894318,4,true
2026-06-30,2025-01-01,medium,731,731,0.019984394,0.048062782,2.56,480,true
2026-06-30,2025-01-01,overall,40785,40785,0.267596068,0.425106876,1.666666667,30312,true
2026-06-30,2025-01-01,small,40050,40050,0.242782674,0.368185094,1.666666667,29828,true
2026-06-30,2025-02-01,large,9,9,0.127026,0.173528,1.75,5,true
2026-06-30,2025-02-01,medium,506,506,0.012782622,0.027868686,2.5596875,346,true
2026-06-30,2025-02-01,overall,37514,37514,0.35129087,0.52535282,1.771442829,26793,true
2026-06-30,2025-02-01,small,36999,36999,0.211482248,0.323956134,1.733333333,26442,true
2026-06-30,2025-03-01,large,8,8,0.122867,0.28523994,2.344033317,4,true
2026-06-30,2025-03-01,medium,422,422,0.010950015,0.02476555,2.5,264,true
2026-06-30,2025-03-01,overall,45106,45106,0.354418661,0.656402982,1.95,29986,true
2026-06-30,2025-03-01,small,44676,44676,0.220601646,0.346397492,1.95,29718,true
2026-06-30,2025-04-01,large,9,9,0.016316,0.032727,1.815555556,5,true
2026-06-30,2025-04-01,medium,453,453,0.011745426,0.025811358,2.4,285,true
2026-06-30,2025-04-01,overall,48857,48857,0.269528492,0.436118771,1.944444444,32210,true
2026-06-30,2025-04-01,small,48395,48395,0.241467066,0.377580413,1.94,31920,true
2026-06-30,2025-05-01,large,6,6,0.01916,0.04698132,2.170761364,1,true
2026-06-30,2025-05-01,medium,486,486,0.01366646,0.028626566,2.139166667,300,true
2026-06-30,2025-05-01,overall,51166,51166,0.288389401,0.476077633,1.95,33345,true
2026-06-30,2025-05-01,small,50674,50674,0.255562941,0.400469747,1.95,33044,true
2026-06-30,2025-06-01,large,10,10,0.07161664,0.15819826,2.218602797,4,true
2026-06-30,2025-06-01,medium,558,558,0.015478536,0.033526488,2.15,328,true
2026-06-30,2025-06-01,overall,52612,52612,0.333152837,0.5885083,2,32418,true
2026-06-30,2025-06-01,small,52044,52044,0.246057661,0.396783552,2,32086,true
2026-06-30,2025-07-01,large,11,11,0.03940168,0.07943972,2.160869565,6,true
2026-06-30,2025-07-01,medium,734,734,0.022634708,0.047309764,2.217666667,423,true
2026-06-30,2025-07-01,overall,60131,60131,0.360822271,0.602565968,1.971428571,36321,true
2026-06-30,2025-07-01,small,59386,59386,0.298785883,0.475816484,1.971428571,35892,true
2026-06-30,2025-08-01,large,9,9,0.049646,0.107166,2.12494898,4,true
2026-06-30,2025-08-01,medium,505,505,0.01597848,0.033859816,2.226086957,258,true
2026-06-30,2025-08-01,overall,50695,50695,0.296726293,0.517107375,2,28011,true
2026-06-30,2025-08-01,small,50181,50181,0.231101813,0.376081559,2,27749,true
2026-06-30,2025-09-01,large,8,8,0.013904,0.0294294,1.477035985,1,true
2026-06-30,2025-09-01,medium,586,586,0.017344514,0.036828674,2.001036269,269,true
2026-06-30,2025-09-01,overall,49647,49647,0.290329713,0.472888241,1.924276169,26252,true
2026-06-30,2025-09-01,small,49053,49053,0.259081199,0.406630167,1.92,25982,true
2026-06-30,2025-10-01,large,11,11,0.051138,0.13263872,2.127149758,4,true
2026-06-30,2025-10-01,medium,541,541,0.016088068,0.032901347,2.181270903,261,true
2026-06-30,2025-10-01,overall,44039,44039,0.315839903,0.547194765,1.823636364,22396,true
2026-06-30,2025-10-01,small,43487,43487,0.248613835,0.381654698,1.803278689,22131,true
2026-06-30,2025-11-01,large,18,18,0.124928,0.28044408,2.191794872,8,true
2026-06-30,2025-11-01,medium,577,577,0.018061669,0.036336082,2.048,225,true
2026-06-30,2025-11-01,overall,42201,42201,0.38559032,0.687081638,1.8,20348,true
2026-06-30,2025-11-01,small,41606,41606,0.242600651,0.370301476,1.796875,20115,true
2026-06-30,2025-12-01,large,27,27,0.1893555,0.41144641,2.146065259,12,true
2026-06-30,2025-12-01,medium,639,639,0.023271798,0.048589012,2.02020202,217,true
2026-06-30,2025-12-01,overall,36263,36263,0.42158402,0.780578796,1.84,15957,true
2026-06-30,2025-12-01,small,35597,35597,0.208956722,0.320543374,1.828571429,15728,true
2026-06-30,2026-01-01,large,21,21,0.154242,0.3337302,2.032,4,true
2026-06-30,2026-01-01,medium,611,611,0.020362235,0.042347141,2.08,200,true
2026-06-30,2026-01-01,overall,32486,32486,0.373401026,0.677531765,1.675592885,13505,true
2026-06-30,2026-01-01,small,31854,31854,0.198796791,0.301454424,1.666666667,13301,true
2026-06-30,2026-02-01,large,10,10,0.02348,0.049432,2.032,0,true
2026-06-30,2026-02-01,medium,469,469,0.017537,0.036528244,2.066666667,121,true
2026-06-30,2026-02-01,overall,30123,30123,0.20834015,0.346222795,1.867,10574,true
2026-06-30,2026-02-01,small,29644,29644,0.16732315,0.260262551,1.866666667,10453,true
2026-06-30,2026-03-01,large,35,35,0.307825,0.6791978,2.032,5,true
2026-06-30,2026-03-01,medium,657,657,0.02506958,0.051016798,2.101616628,165,true
2026-06-30,2026-03-01,overall,54177,54177,0.581160432,1.137289644,2,16181,true
2026-06-30,2026-03-01,small,53485,53485,0.248265852,0.407075046,2,16011,true
2026-06-30,2026-04-01,large,18,18,0.121264,0.2632646,2.0948,7,true
2026-06-30,2026-04-01,medium,632,632,0.02167963,0.045974089,2.089404444,142,true
2026-06-30,2026-04-01,overall,58160,58160,0.398051774,0.732393115,2,14251,true
2026-06-30,2026-04-01,small,57510,57510,0.255108144,0.423154426,2,14102,true
2026-06-30,2026-05-01,large,18,18,0.0722682,0.1461272,2.038727273,1,true
2026-06-30,2026-05-01,medium,534,534,0.01863603,0.039316775,2.148333333,76,true
2026-06-30,2026-05-01,overall,54755,54755,0.330898647,0.580942985,2,10945,true
2026-06-30,2026-05-01,small,54203,54203,0.239994417,0.39549901,2,10868,true
2026-06-30,2026-06-01,large,19,19,0.180726,0.384661,2.032,2,false
2026-06-30,2026-06-01,medium,403,403,0.015782772,0.033585092,2.133333333,41,false
2026-06-30,2026-06-01,overall,39612,39612,0.379328415,0.713278232,2,4432,false
2026-06-30,2026-06-01,small,39190,39190,0.182819643,0.29503214,2,4389,false
