Monat,Strompreis_EUR_MWh,Erneuerbarenanteil_Prozent,Gaspreis_EUR_MWh,Gaspreis_USD_MMBtu,USD_je_EUR,Stunden,Erwartet_EUR_MWh,Abweichung_EUR_MWh
2026-01,110.09,49.33,34.18,11.76,1.173824,744,98.56,11.53
2026-02,96.58,51.96,32.44,11.24,1.182395,672,92.80,3.78
2026-03,99.29,58.03,52.87,17.91,1.155832,743,101.84,-2.55
2026-04,78.52,65.75,44.92,15.41,1.170640,720,82.34,-3.82
2026-05,97.54,65.97,47.27,16.17,1.167320,744,84.13,13.41
2026-06,109.52,68.53,44.94,15.17,1.151800,720,77.95,31.57
2026-07,105.45,69.09,53.97,18.06,1.141748,744,85.31,20.14
2026-08,126.89,67.05,62.13,21.11,1.159310,744,95.99,30.90
2026-09,144.82,63.36,75.34,25.42,1.151323,720,113.91,30.91
