year,source,generation_twh
2019,biomass,29.158109
2019,hydro,12.857189
2019,wind_offshore,16.795141
2019,wind_onshore,70.364859
2019,solar,37.353397
2019,other_renewables,1.111141
2019,lignite,76.588625
2019,hard_coal,34.347455
2019,gas,38.995071
2019,other_conventional,9.618997
2019,pumped_storage,6.339565
2019,nuclear,51.309747
2020,biomass,29.924470
2020,hydro,12.323571
2020,wind_offshore,18.596579
2020,wind_onshore,74.601437
2020,solar,41.473897
2020,other_renewables,1.157909
2020,lignite,55.754517
2020,hard_coal,21.824168
2020,gas,47.445818
2020,other_conventional,9.334201
2020,pumped_storage,8.203377
2020,nuclear,45.166069
2021,biomass,28.405061
2021,hydro,12.209362
2021,wind_offshore,15.997964
2021,wind_onshore,61.857153
2021,solar,41.238147
2021,other_renewables,1.014346
2021,lignite,70.343292
2021,hard_coal,33.883416
2021,gas,44.517033
2021,other_conventional,9.711927
2021,pumped_storage,5.942503
2021,nuclear,48.905632
2022,biomass,28.120625
2022,hydro,9.692599
2022,wind_offshore,16.786211
2022,wind_onshore,72.933534
2022,solar,49.902765
2022,other_renewables,0.951375
2022,lignite,76.683847
2022,hard_coal,45.825939
2022,gas,35.170988
2022,other_conventional,8.620544
2022,pumped_storage,7.171835
2022,nuclear,24.609990
2023,biomass,27.964042
2023,hydro,11.291531
2023,wind_offshore,15.632499
2023,wind_onshore,76.496233
2023,solar,50.104887
2023,other_renewables,0.866490
2023,lignite,57.157719
2023,hard_coal,28.637336
2023,gas,36.594875
2023,other_conventional,12.068713
2023,pumped_storage,7.580419
2023,nuclear,6.740739
2024,biomass,26.834366
2024,hydro,13.636800
2024,wind_offshore,18.705551
2024,wind_onshore,80.224633
2024,solar,57.020410
2024,other_renewables,0.777839
2024,lignite,49.616356
2024,hard_coal,17.803905
2024,gas,39.338295
2024,other_conventional,11.951795
2024,pumped_storage,8.049258
2024,nuclear,0.000000
2025,biomass,26.576868
2025,hydro,10.959774
2025,wind_offshore,17.151051
2025,wind_onshore,70.646132
2025,solar,66.421244
2025,other_renewables,0.703582
2025,lignite,49.477494
2025,hard_coal,20.225440
2025,gas,40.228377
2025,other_conventional,10.199991
2025,pumped_storage,7.743529
2025,nuclear,0.000000
2026,biomass,26.071045
2026,hydro,9.425503
2026,wind_offshore,20.508178
2026,wind_onshore,77.904679
2026,solar,76.320406
2026,other_renewables,0.645518
2026,lignite,48.611802
2026,hard_coal,22.786387
2026,gas,41.291086
2026,other_conventional,11.349299
2026,pumped_storage,7.660770
2026,nuclear,0.000000
