Stunde,Preis_EUR_MWh,Solar_GW
00:00,150.360666667,0
01:00,141.834333333,0
02:00,136.290333333,0
03:00,133.079,0
04:00,133.394,0
05:00,143.286,0.000003333
06:00,171.26,0.087494
07:00,188.501,2.675108667
08:00,170.635,10.539538667
09:00,132.551666667,20.602722667
10:00,99.197666667,29.311250667
11:00,69.002666667,34.779516333
12:00,48.302333333,37.197798333
13:00,37.942666667,37.140627
14:00,41.701,34.904538667
15:00,58.12,30.592152333
16:00,86.044666667,23.855803667
17:00,136.715333333,14.897493333
18:00,194.671333333,5.733481667
19:00,248.932666667,0.751951333
20:00,234.049666667,0.005462333
21:00,198.777333333,0.000001333
22:00,181.413333333,0
23:00,163.497666667,0
